<?xml version="1.0" encoding="UTF-8"?>

<channel name="xfce4-panel" version="1.0">
  <property name="configver" type="int" value="2"/>
  <property name="panels" type="array">
    <value type="int" value="1"/>
    <property name="panel-1" type="empty">
      <property name="position" type="string" value="p=6;x=0;y=0"/>
      <property name="length" type="uint" value="100"/>
      <property name="position-locked" type="bool" value="false"/>
      <property name="size" type="uint" value="26"/>
      <property name="plugin-ids" type="array">
        <value type="int" value="10"/>
        <value type="int" value="4"/>
        <value type="int" value="15"/>
        <value type="int" value="19"/>
        <value type="int" value="14"/>
        <value type="int" value="6"/>
        <value type="int" value="2"/>
        <value type="int" value="7"/>
        <value type="int" value="20"/>
        <value type="int" value="13"/>
        <value type="int" value="5"/>
      </property>
      <property name="background-style" type="uint" value="2"/>
      <property name="disable-struts" type="bool" value="false"/>
      <property name="length-adjust" type="bool" value="true"/>
      <property name="enter-opacity" type="uint" value="65"/>
      <property name="leave-opacity" type="uint" value="67"/>
      <property name="background-alpha" type="uint" value="0"/>
      <property name="background-color" type="array">
        <value type="uint" value="36419"/>
        <value type="uint" value="36419"/>
        <value type="uint" value="36419"/>
        <value type="uint" value="65535"/>
      </property>
      <property name="background-image" type="string" value="/home/dasgeek/Firefox_wallpaper.png"/>
    </property>
  </property>
  <property name="plugins" type="empty">
    <property name="plugin-2" type="string" value="actions"/>
    <property name="plugin-15" type="string" value="separator">
      <property name="expand" type="bool" value="true"/>
      <property name="style" type="uint" value="0"/>
    </property>
    <property name="plugin-4" type="string" value="pager">
      <property name="rows" type="uint" value="1"/>
      <property name="miniature-view" type="bool" value="false"/>
    </property>
    <property name="plugin-5" type="string" value="clock">
      <property name="digital-format" type="string" value="%r"/>
    </property>
    <property name="plugin-6" type="string" value="systray"/>
    <property name="plugin-7" type="string" value="pulseaudio">
      <property name="enable-keyboard-shortcuts" type="bool" value="true"/>
      <property name="mpris-players" type="string" value="rhythmbox"/>
    </property>
    <property name="plugin-10" type="string" value="whiskermenu"/>
    <property name="plugin-13" type="string" value="battery"/>
    <property name="plugin-14" type="string" value="statusnotifier">
      <property name="known-items" type="array">
        <value type="string" value="steam"/>
        <value type="string" value="TelegramDesktop"/>
      </property>
    </property>
    <property name="plugin-19" type="string" value="pager"/>
    <property name="plugin-20" type="string" value="separator"/>
  </property>
</channel>
